{
    "train_loss": [
        0.7841810530088356,
        0.5321826940052188,
        0.4587469693597977,
        0.41857388054115185,
        0.3698114595207451
    ],
    "train_accuracy": [
        0.7092924126172208,
        0.8058889107482458,
        0.8318578267427372,
        0.8454324873762213,
        0.8677290314118958
    ],
    "val_loss": [
        0.5824929242691474,
        0.5218372733914721,
        0.42142090958291195,
        0.47693722461654625,
        0.4868718373749948
    ],
    "val_accuracy": [
        0.7757037943696451,
        0.8041615667074663,
        0.8515911872705019,
        0.8219094247246022,
        0.8191554467564259
    ]
}