{
    "train_loss": [
        1.392287079287604,
        1.1950458698123703,
        1.062010951773582,
        0.990919254867278,
        0.9055642264734699
    ],
    "train_accuracy": [
        0.4376024657354581,
        0.513738605810217,
        0.583710407239819,
        0.6218112663125451,
        0.654141255164273
    ],
    "val_loss": [
        1.161278372660115,
        0.9911996458852014,
        0.8822135880060558,
        0.7945467150488565,
        0.7585777581613533
    ],
    "val_accuracy": [
        0.5495716034271726,
        0.6147490820073439,
        0.6762545899632803,
        0.7172582619339045,
        0.7371481028151775
    ]
}